run_datetime,ticker,display_name,asset_icon,asset_sector,asset_field,asset_logo_src,asset_type,company_group,model_type,start_date,prediction_horizon,signal_threshold_percent,transaction_cost,decision,test_accuracy_percent,test_precision_percent,test_recall_percent,test_f1_percent,walk_forward_accuracy_mean_percent,walk_forward_accuracy_std_percent,walk_forward_precision_mean_percent,walk_forward_recall_mean_percent,walk_forward_f1_mean_percent,strategy_total_return_percent,strategy_annual_return_percent,strategy_annual_volatility_percent,strategy_sharpe,strategy_max_drawdown_percent,strategy_win_rate_percent,buy_hold_total_return_percent,buy_hold_annual_return_percent,buy_hold_annual_volatility_percent,buy_hold_sharpe,buy_hold_max_drawdown_percent,buy_hold_win_rate_percent,signal_accuracy_rate_percent,latest_close,latest_probability_up_percent,predicted_return_5d_percent,predicted_price_5d,predicted_price_change_5d,recent_high_gap_percent,latest_signal,latest_position,data_rows_used
2026-05-15 09:48:36,IREN,IREN,🏢,Financial Services,Capital Markets,https://www.google.com/s2/favicons?domain=iren.com&sz=128,Stock,Resto,random_forest,2015-01-01,5,55,0.001,Invest,45.94594594594595,60.37735849056604,28.82882882882883,39.02439024390244,52.941176470588246,4.8251055752396725,53.331451078171646,54.568850681472036,53.81618789521229,75.84389793582899,116.62961452804947,46.10049919302742,2.5298991674625815,-21.996192203705867,14.130434782608695,220.64297767573692,393.20760518852927,108.29506424432691,3.630891286987972,-58.61798282452734,51.63043478260869,45.94594594594595,58.400001525878906,69.8363472347009,10.246909733704186,64.38419696671758,5.9841954408386755,-4.575162095024233,1,1,1126
2026-05-15 09:47:36,CEG,CEG,🏢,Utilities,Utilities - Independent Power Producers,https://www.google.com/s2/favicons?domain=constellationenergy.com&sz=128,Stock,Resto,random_forest,2015-01-01,5,55,0.001,Invest,50.0,50.0,63.63636363636363,56.00000000000001,50.68493150684932,8.161900882063687,68.28302081086805,45.15012707642708,45.452187892137765,-10.433904195656496,-14.672927245543278,39.86039859152286,-0.3681078906386997,-34.129382775299675,26.285714285714285,-1.4293961617080075,-2.051840331886934,49.29636557844566,-0.0416225477844168,-38.768785546671225,50.28571428571429,50.0,275.260009765625,66.03786424944292,5.201308936557809,289.57713325233436,14.317123486709363,-16.996757435646558,1,1,1084
2026-05-15 09:47:26,RGTI,RGTI,🏢,Technology,Computer Hardware,https://www.google.com/s2/favicons?domain=rigetti.com&sz=128,Stock,Resto,random_forest,2015-01-01,5,55,0.001,Invest,53.271028037383175,52.38095238095239,32.038834951456316,39.75903614457831,47.41573033707866,7.012352259159519,36.51604448336555,46.17073028554247,39.886584578431574,12.24133901548976,14.639888052005578,60.949472093822465,0.24019712639134416,-41.20395639113824,13.615023474178404,40.21406926271192,49.16568523475955,104.00943546730382,0.47270408702694255,-77.10330212354869,49.29577464788733,53.271028037383175,19.270000457763672,60.922506868813784,5.075093746049906,20.247971045859426,0.9779705880957543,-6.045830118383022,1,1,1272
2026-05-15 09:46:24,NOW,NOW,🏢,Technology,Software - Application,https://www.google.com/s2/favicons?domain=servicenow.com&sz=128,Stock,Resto,random_forest,2015-01-01,5,55,0.001,Invest,41.24293785310734,42.69662921348314,58.46153846153847,49.35064935064935,45.067873303167424,5.6615358577027015,51.18399031403851,48.343378573201555,46.771223674967274,-20.39847794921924,-10.279658810431314,30.08759225086117,-0.34165774132814125,-45.078408603519925,14.150943396226415,-39.89622408823716,-21.499207208219417,42.999569792638205,-0.4999865652586184,-64.54173439572126,51.320754716981135,41.24293785310734,90.5,57.92543274074157,4.281917648217957,94.37513547163724,3.875135471637236,-27.21569674646872,1,1,2858
2026-05-15 09:46:41,FIVN,FIVN,🏢,Technology,Software - Infrastructure,https://www.google.com/s2/favicons?domain=five9.com&sz=128,Stock,Resto,random_forest,2015-01-01,5,55,0.001,Invest,50.847457627118644,45.353159851301115,51.69491525423729,48.31683168316832,54.29864253393666,4.037685135197907,55.378700171176554,59.221126715620024,55.309895562789855,-14.673037928919808,-7.26717757384715,23.27531377952785,-0.3122268358091526,-42.30283071884692,11.132075471698114,-64.75071304493825,-39.090813184005604,56.371208384217674,-0.6934535253806962,-78.15409338146341,44.905660377358494,50.847457627118644,20.75,61.90269307787336,3.688038299922247,21.51526794723387,0.7652679472338697,-14.468261318081677,1,1,2858
2026-05-15 09:46:37,PATH,PATH,🏢,Technology,Software - Infrastructure,https://www.google.com/s2/favicons?domain=uipath.com&sz=128,Stock,Resto,random_forest,2015-01-01,5,55,0.001,Invest,58.41121495327103,53.38983050847458,64.94845360824742,58.6046511627907,49.887640449438194,3.7560707079655677,59.84510761106506,57.87206175041327,47.793905589489924,24.735905909859433,29.8875100111998,24.52285502571054,1.2187614362138823,-15.978406608650698,12.676056338028168,-14.941634391409641,-17.425049629457902,65.35548816491209,-0.26661953140781564,-51.373770506715985,46.948356807511736,58.41121495327103,9.670000076293945,59.612134101665816,1.3233766891586312,9.797970603145242,0.12797052685129628,-22.32931546635326,1,1,1273
2026-05-15 09:46:45,QLYS,QLYS,🏢,Technology,Software - Infrastructure,https://www.google.com/s2/favicons?domain=qualys.com&sz=128,Stock,Resto,random_forest,2015-01-01,5,55,0.001,Invest,47.64595103578154,45.169082125603865,78.57142857142857,57.36196319018405,50.99547511312217,4.475408213760809,53.70844946351043,67.80703215134427,58.51870022033996,1.6996235761055134,0.8045514801132025,27.137384195513413,0.029647348260125158,-30.58436760352953,15.09433962264151,-42.40751683695018,-23.076201440452536,40.891156483329134,-0.5643323257404189,-55.725991123110234,49.056603773584904,47.64595103578154,86.7300033569336,62.74808569341451,1.0867112526682132,87.67250806285291,0.942504705919319,-17.3291389482068,1,1,2858
2026-05-15 09:49:11,^FCHI,CAC 40,🇫🇷,Índice,Market Index,,Index,Resto,random_forest,2015-01-01,5,55,0.001,Entry Window,53.41959334565619,55.55555555555556,59.44055944055944,57.432432432432435,51.68888888888888,3.313272970610446,58.167006819624476,60.34942704420661,57.84686034873007,-1.2478229636843419,-0.5842675169713707,6.175669178892883,-0.09460796879604111,-8.582019325548373,9.62962962962963,-0.48270957067020337,-0.22555515007691707,15.215272583118008,-0.01482425956188127,-16.710823383011007,50.37037037037037,53.41959334565619,7971.9501953125,55.09992054727001,1.0178259215583885,8053.090770854115,81.14057554161536,-7.5279525029475,1,0,2908
2026-05-15 09:47:50,PWR,PWR,🏢,Industrials,Engineering & Construction,https://www.google.com/s2/favicons?domain=quantaservices.com&sz=128,Stock,Resto,random_forest,2015-01-01,5,55,0.001,Invest,55.1789077212806,62.77777777777778,68.48484848484848,65.5072463768116,55.70135746606335,3.718950544064604,61.727301935890985,66.1203804951545,62.926803727765744,77.0653703803561,31.21410408344214,22.50111057537138,1.3872250429099964,-20.660825373883963,17.358490566037734,190.42598192340324,66.01994264248856,38.425738005275036,1.7181177530910514,-33.8854219433682,54.71698113207547,55.1789077212806,780.0800170898438,57.44677039322564,0.9313481126992786,787.3452776065542,7.265260516710441,-0.6571205247699052,1,1,2858
2026-05-15 09:44:41,AMZN,AMZN,🏢,Consumer Cyclical,Internet Retail,https://www.google.com/s2/favicons?domain=amazon.com&sz=128,Stock,Empresas Importantes,random_forest,2015-01-01,5,55,0.001,Invest,48.7758945386064,52.547770700636946,57.291666666666664,54.81727574750831,51.13122171945701,2.023590929864064,55.76918307751583,60.77473110303391,57.74553234784927,-21.227143967642036,-10.724970550419888,16.181745399212236,-0.6627820600206702,-29.38226749245061,13.584905660377359,52.08637621224168,22.061524511481736,31.798798502278387,0.693784845672739,-30.876638431875993,53.39622641509434,48.7758945386064,267.2200012207031,57.00057007959084,0.5266910270892797,268.62742498972045,1.4074237690173277,-2.8255533981616843,1,0,2858
2026-05-15 09:47:41,VST,VST,🏢,Utilities,Utilities - Independent Power Producers,https://www.google.com/s2/favicons?domain=vistracorp.com&sz=128,Stock,Resto,random_forest,2015-01-01,5,55,0.001,Invest,46.27539503386004,50.505050505050505,41.66666666666667,45.662100456621005,47.717391304347835,7.139554580155864,57.66465384400231,62.224740955396484,52.66041026867485,70.49723627730174,35.553376743769995,28.187475762749965,1.2613182195886494,-24.791579561376164,12.44343891402715,104.66173792955699,50.42953639511656,62.866023918645084,0.802174740053187,-48.80427853674868,52.26244343891403,46.27539503386004,141.89999389648438,59.586450828783214,0.48975491875574273,142.5949560963065,0.6949621998221289,-19.63943178057238,1,0,2415
2026-05-15 09:49:04,^FTSE,FTSE 100,🇬🇧,Índice,Market Index,,Index,Resto,random_forest,2015-01-01,5,55,0.001,Entry Window,49.063670411985015,63.63636363636363,35.0,45.16129032258064,53.558558558558566,3.0484548316556106,59.22737454226458,61.61545024722823,58.60695544318213,6.740403576370868,3.132073209451325,7.61928763791726,0.4110716589651523,-9.79994781310446,8.067542213883677,29.010332947239313,12.798354343515662,11.681022729132874,1.095653577626908,-13.43433128094449,54.971857410881796,49.063670411985015,10220.6103515625,56.45627708223837,0.45354801941412914,10266.965727384048,46.35537582154757,-6.324026932668502,1,1,2871
2026-05-15 09:49:08,^GDAXI,DAX,🇩🇪,Índice,Market Index,,Index,Resto,random_forest,2015-01-01,5,55,0.001,Entry Window,52.79850746268657,62.4390243902439,42.10526315789473,50.29469548133595,51.83856502242152,2.4684051918426673,60.00607004894369,54.41764908094304,55.26140372104778,1.8611426548876153,0.8723755513315945,8.9106266019905,0.09790282886915257,-14.880742501909161,6.355140186915888,33.27975994329717,14.48996882798459,16.53227867907335,0.8764653142658472,-16.00633120097169,52.149532710280376,52.79850746268657,24043.130859375,61.128925998269025,0.27289139779274374,24108.742495250288,65.6116358752879,-4.926599350107019,1,1,2883
2026-05-15 09:49:01,^STOXX50E,Euro Stoxx 50,🇪🇺,Índice,Market Index,,Index,Resto,random_forest,2015-01-01,5,55,0.001,Entry Window,47.35849056603774,52.53164556962025,56.271186440677965,54.337152209492636,48.662131519274375,1.6320230580903934,57.55742782343793,49.84776401981203,52.61102015300839,-9.62063873222676,-4.704433824621712,7.904584623206534,-0.5951525663739855,-17.560755624242418,9.073724007561438,19.44559102047887,8.833243197794127,16.498188884582962,0.5354068412956839,-16.578256758658593,51.60680529300568,47.35849056603774,5829.7900390625,55.12029548139261,0.22785098740819354,5843.073273230328,13.283234167827686,-5.564749517893719,1,0,2854
2026-05-15 09:47:22,VUZI,VUZI,🏢,Technology,Consumer Electronics,https://www.google.com/s2/favicons?domain=vuzix.com&sz=128,Stock,Resto,random_forest,2015-01-01,5,55,0.001,Invest,47.83427495291902,46.59949622166247,74.0,57.18701700154559,47.647058823529406,2.8555227105831613,42.40150749208296,58.39393115782088,48.08679049612458,58.90354953485557,24.63308170027838,64.88238623174485,0.3796574560666545,-69.77186379863333,13.584905660377359,128.79999160766565,48.221483857284795,104.57782012929316,0.46110622498792686,-69.77186379863332,46.22641509433962,47.83427495291902,3.0799999237060547,55.75658114277824,-0.28266164763295826,3.0712939451746135,-0.008705978531441172,-0.96462933767546,1,1,2858
2026-05-15 09:45:30,ETN,ETN,🏢,Industrials,Specialty Industrial Machinery,https://www.google.com/s2/favicons?domain=eaton.com&sz=128,Stock,Resto,random_forest,2015-01-01,5,55,0.001,Invest,53.29566854990584,55.36159600997507,76.28865979381443,64.16184971098265,50.95022624434389,4.323576175779637,56.73971169036221,64.46499474551423,59.064815685908,9.395585285095255,4.362217704156657,24.535685664123015,0.1777907397360919,-27.247168389325292,21.32075471698113,31.146377606352438,13.760053508297121,34.37449761235357,0.4002983160211193,-34.46096676625684,52.64150943396226,53.29566854990584,408.1000061035156,56.143316599200155,-0.780808744055986,404.9135255713664,-3.1864805321492327,-5.492301676444333,1,1,2858
2026-05-15 09:47:00,BBAI,BBAI,🏢,Technology,Information Technology Services,https://www.google.com/s2/favicons?domain=bigbear.ai&sz=128,Stock,Resto,random_forest,2015-01-01,5,55,0.001,Watch,51.1520737327189,45.614035087719294,85.71428571428571,59.541984732824424,51.11111111111111,3.8888888888888897,45.01192797144745,59.57480727134292,48.78406387731797,-34.514148791258094,-38.97533699003806,69.4638619896246,-0.5610879653633362,-67.84775473072884,24.074074074074073,-28.595890970206906,-32.49378806463038,93.58395564475764,-0.3472153729852582,-65.88103239153268,45.370370370370374,51.1520737327189,4.380000114440918,52.36631148063915,3.89027921407364,4.550394348469414,0.17039423402849607,0.0,0,1,1285
2026-05-15 09:45:21,SMCI,SMCI,🏢,Technology,Computer Hardware,https://www.google.com/s2/favicons?domain=supermicro.com&sz=128,Stock,Resto,random_forest,2015-01-01,5,55,0.001,Watch,46.32768361581921,46.15384615384615,97.95918367346938,62.745098039215684,50.76923076923077,5.965733453249862,57.042754839482235,44.710242628975045,43.98955915561983,-71.33625479846177,-44.79515829453848,73.07594182077868,-0.6129946077794001,-89.93280933242566,32.264150943396224,-67.20191987505493,-41.14279598294798,97.8715687229874,-0.4203753604828512,-82.63510498500382,45.09433962264151,46.32768361581921,33.029998779296875,54.44406057884071,3.2106831846192,34.090487395983686,1.0604886166868113,-6.61577671261524,0,1,2858
2026-05-15 09:47:30,IONQ,IONQ,🏢,Technology,Computer Hardware,https://www.google.com/s2/favicons?domain=ionq.com&sz=128,Stock,Resto,random_forest,2015-01-01,5,55,0.001,Watch,47.59825327510917,45.614035087719294,74.28571428571429,56.52173913043478,45.578947368421055,4.536707776738938,49.82495191511585,44.294039294039294,43.51484720425148,65.88364059782094,74.96080763228908,59.453485369814416,1.260831171898763,-35.72952693017911,18.859649122807017,19.979864849908502,22.30256490478979,91.12008834637783,0.24476013258470852,-67.60872050335973,47.368421052631575,47.59825327510917,57.470001220703125,51.88289626184069,1.782589880754265,58.49445564693273,1.0244544262296031,0.0,0,0,1347
2026-05-15 09:45:25,VRT,VRT,🏢,Industrials,Electrical Equipment & Parts,https://www.google.com/s2/favicons?domain=vertiv.com&sz=128,Stock,Resto,random_forest,2015-01-01,5,55,0.001,Watch,43.87464387464387,54.49438202247191,45.539906103286384,49.61636828644501,45.61643835616439,5.093422587007726,63.989775552475336,50.87114968887938,44.590553189167785,34.428163844275716,23.740820662356498,15.91696977761301,1.4915414801972937,-10.239222657464309,4.571428571428571,170.64176575902331,104.79732001946766,68.61344253642532,1.5273584321881697,-61.27737451599044,54.57142857142857,43.87464387464387,376.2300109863281,52.822529748786785,1.4974441473324545,381.8638452663512,5.633834280023052,0.0,0,0,1956
2026-05-15 09:47:08,UPST,UPST,🏢,Financial Services,Credit Services,https://www.google.com/s2/favicons?domain=upstart.com&sz=128,Stock,Resto,random_forest,2015-01-01,5,55,0.001,Watch,41.99134199134199,40.09216589861751,95.6043956043956,56.493506493506494,48.125,7.852329029056,48.12343063255145,49.181419240825186,43.92663102279338,-0.19623277770092207,-0.21498267941566507,45.61474252964858,-0.0047130087224745605,-28.34580324255288,19.565217391304348,-46.62249397638754,-49.7334006926921,70.99566405454908,-0.7005132123911081,-71.21122060613109,52.60869565217391,41.99134199134199,29.709999084472656,54.73630049682773,1.471540082323752,30.14719362945869,0.4371945449860348,-14.773383349711223,0,0,1358
2026-05-15 09:44:23,NVDA,NVDA,🏢,Technology,Semiconductors,https://www.google.com/s2/favicons?domain=nvidia.com&sz=128,Stock,Empresas Importantes,random_forest,2015-01-01,5,55,0.001,Watch,43.87947269303202,51.301115241635685,45.24590163934426,48.08362369337979,48.37104072398189,2.0449785590003,57.794008853313926,52.559384180990484,53.83658639787359,13.977967910220833,6.418402310435556,14.486210983767025,0.4430697797807789,-11.663147941171914,7.169811320754717,128.6269252288107,48.168165260661254,48.80991838491761,0.9868519934986275,-36.88102640330231,53.58490566037736,43.87947269303202,235.74000549316406,52.989484671422936,1.3900685400342683,239.0169531457996,3.2769476526355277,0.0,0,0,2858
2026-05-15 09:46:08,NET,NET,🏢,Technology,Software - Infrastructure,https://www.google.com/s2/favicons?domain=cloudflare.com&sz=128,Stock,Resto,random_forest,2015-01-01,5,55,0.001,Watch,55.254237288135585,61.21495327102804,72.77777777777777,66.49746192893402,52.16326530612244,5.839730927830014,53.82470674353884,71.53176795121239,58.54569018312117,34.77153582223609,29.146949416151124,38.076235373011045,0.7654892646453929,-32.8977500304362,29.931972789115648,95.9929783019379,78.02945725507833,55.30055794424765,1.4110066906331264,-36.758783848623125,56.4625850340136,55.254237288135585,199.80999755859375,54.39909940260373,1.20056010354382,202.2088366721741,2.398839113580351,-22.18934113098885,0,0,1676
2026-05-15 09:45:12,ANET,ANET,🏢,Technology,Computer Hardware,https://www.google.com/s2/favicons?domain=arista.com&sz=128,Stock,Resto,random_forest,2015-01-01,5,55,0.001,Watch,51.9774011299435,56.91823899371069,60.535117056856194,58.6709886547812,49.95475113122172,4.568231313248102,56.32572787003167,56.72549818785008,56.29710899890317,48.148489834373656,20.54846960073946,25.086338158386667,0.8191099661896991,-39.449479890203364,12.641509433962264,90.37706932254244,35.815346592219434,52.52058914838431,0.6819296426974909,-50.41596124253698,55.84905660377358,51.9774011299435,147.80999755859375,52.81346460419367,1.1738134832584861,149.54501123954057,1.735013680946821,-16.834523652840694,0,0,2858
2026-05-15 09:45:08,ASML,ASML,🏢,Technology,Semiconductor Equipment & Materials,https://www.google.com/s2/favicons?domain=asml.com&sz=128,Stock,Empresas Importantes,random_forest,2015-01-01,5,55,0.001,Watch,52.35404896421846,57.14285714285714,53.42465753424658,55.2212389380531,50.40723981900452,3.6319088452097428,56.46315380903004,60.9513252538753,58.35366965195631,81.74136596927235,32.85042041618913,23.571677019128824,1.393639510227908,-10.39431198216919,12.641509433962264,59.17725618045644,24.735108364297396,44.01540601746965,0.5619647892031274,-45.48234902459598,53.77358490566038,52.35404896421846,1584.510009765625,51.56699052180238,0.5720738869427432,1593.5745777674879,9.064568001862881,-0.4717283497374769,0,0,2858
2026-05-15 09:47:46,NRG,NRG,🏢,Utilities,Utilities - Independent Power Producers,https://www.google.com/s2/favicons?domain=nrg.com&sz=128,Stock,Resto,random_forest,2015-01-01,5,55,0.001,Watch,48.96421845574388,55.223880597014926,49.49832775919732,52.20458553791887,50.90497737556561,3.8891659361246798,56.00556961977855,56.87578211039538,54.41205000359173,23.283970455260807,10.464701038752722,16.03806172834357,0.652491629974137,-16.289642890855294,8.11320754716981,123.0454243709663,46.437114521588676,49.03018642745695,0.9471127463546386,-26.224303850948615,53.20754716981132,48.96421845574388,134.72000122070312,52.24026984738992,0.5219644743095753,135.42319176686462,0.703190546161494,-26.570356314260223,0,0,2858
2026-05-15 09:44:49,AAPL,AAPL,🏢,Technology,Consumer Electronics,https://www.google.com/s2/favicons?domain=apple.com&sz=128,Stock,Empresas Importantes,random_forest,2015-01-01,5,55,0.001,Watch,45.76271186440678,52.56410256410257,41.0,46.06741573033708,49.81900452488689,6.877976897651168,60.99864485275058,46.40407194552994,49.8340462836998,10.307972079401551,4.775170285137387,8.75996663846134,0.5451128391484525,-8.293802958076435,10.377358490566039,70.912692380133,29.026108569759156,28.187856644541164,1.0297380512391787,-33.36051995314503,55.471698113207545,45.76271186440678,298.2099914550781,51.40234181355221,0.4674094546939978,299.6038531499813,1.393861694903194,-0.220833028705536,0,0,2858
2026-05-15 09:48:28,ARKK,ARKK,📈,ETF,Exchange Traded Fund,,ETF,Resto,random_forest,2015-01-01,5,55,0.001,Watch,53.86064030131826,56.10859728506787,82.94314381270902,66.9365721997301,49.59276018099548,6.477466837135886,55.082860336622595,65.91149208399301,56.40617636077023,48.419739372327356,20.653363384524436,16.196466299665,1.2751771282944366,-16.532002729630946,10.566037735849058,55.76654448655416,23.45708769002719,40.38550093146828,0.5808294350448303,-39.55535608681028,52.83018867924528,53.86064030131826,78.0,50.13816680320107,0.38335797748301936,78.29901922243675,0.2990192224367547,-2.5365473075853906,0,0,2858
2026-05-15 09:47:57,QQQ,QQQ,📈,ETF,Exchange Traded Fund,,ETF,Empresas Importantes,random_forest,2015-01-01,5,55,0.001,Watch,56.12052730696798,61.97183098591549,69.18238993710692,65.37890044576523,52.03619909502262,5.076652867040017,63.64912838498743,52.14027562569997,54.58267608038007,17.583126087418965,8.005794923473108,13.371344257007465,0.598727754636752,-10.202087108473357,18.11320754716981,58.47967538236243,24.47489663649356,21.032469000957505,1.1636720650998862,-22.768304800555917,58.30188679245283,56.12052730696798,719.7899780273438,50.70958313720092,0.38037114626271556,722.5278514174506,2.73787339010687,0.0,0,0,2858
2026-05-15 09:44:45,META,META,🏢,Communication Services,Internet Content & Information,https://www.google.com/s2/favicons?domain=meta.com&sz=128,Stock,Empresas Importantes,random_forest,2015-01-01,5,55,0.001,Watch,56.30885122410546,58.01749271137027,69.33797909407666,63.17460317460317,49.09502262443439,4.465102795472975,55.793820991120946,58.33632316313343,54.44832179814425,11.744256075388538,5.421628774080767,13.86485126470021,0.3910340378395682,-17.774670250522185,7.3584905660377355,25.227673244957515,11.289382567531604,36.27221615890417,0.3112404965297458,-34.150815102672574,52.45283018867924,56.30885122410546,618.4299926757812,51.912489919829916,0.32958173507298905,620.4682249758538,2.0382323000725364,-10.183718881754011,0,0,2858
2026-05-15 09:48:43,^IXIC,Nasdaq Composite,💻,Índice,Market Index,,Index,Resto,random_forest,2015-01-01,5,55,0.001,Watch Entry,56.685499058380415,64.63022508038586,62.616822429906534,63.60759493670886,54.75113122171946,2.004529993967119,63.145701818003985,62.69594360506356,61.713099173100325,35.20176416652454,15.41929159170483,10.526822672616886,1.4647621672030804,-2.4888812272343963,8.867924528301886,58.167892948682855,24.358401240840234,21.522699333218792,1.1317540083480482,-24.318464692528842,58.30188679245283,56.685499058380415,26635.220703125,50.37037154839512,0.32466753116041197,26721.696616600962,86.47591347596244,0.0,0,0,2858
2026-05-15 09:49:15,^N225,Nikkei 225,🇯🇵,Índice,Market Index,,Index,Resto,random_forest,2015-01-01,5,55,0.001,Watch Entry,55.14563106796116,61.99261992619927,56.75675675675676,59.25925925925925,50.46728971962617,2.84720972125092,59.886455883377906,41.161256766375374,47.20510224463421,24.85889419574128,11.499214908914524,18.650013573925516,0.6165794391158789,-12.495757674714236,10.894941634241246,53.85046025211216,23.51775020253173,26.869061047208255,0.8752724987751392,-26.25860724822561,53.69649805447471,55.14563106796116,61409.2890625,54.25501101613589,0.02889649816968195,61427.034196589964,17.745134089964267,-2.9441413142392125,0,1,2775
2026-05-15 09:48:57,^IBEX,IBEX 35,🇪🇸,Índice,Market Index,,Index,Resto,random_forest,2015-01-01,5,55,0.001,Watch Entry,55.822550831792974,63.40782122905028,67.76119402985074,65.51226551226551,51.06666666666667,4.6278811513064255,58.356392804569644,47.349205191899856,50.463285313047756,5.606909174067609,2.5785183240084164,7.564953348488797,0.34085052547264033,-10.838204701665488,5.7407407407407405,63.47503537665173,25.779734018630872,16.155590832327103,1.5957159528357203,-12.596130496961788,57.592592592592595,55.822550831792974,17565.30078125,50.57788734479802,-0.04070523440294944,17558.15078439341,-7.149996856591315,-5.034973172328227,0,0,2906
2026-05-15 09:44:54,AVGO,AVGO,🏢,Technology,Semiconductors,https://www.google.com/s2/favicons?domain=broadcom.com&sz=128,Stock,Empresas Importantes,random_forest,2015-01-01,5,55,0.001,Watch,54.23728813559322,56.76567656765676,60.56338028169014,58.603066439523,52.76018099547512,2.6548788075485894,58.925679378584505,56.54335133676772,56.26709611109153,138.24093343987522,51.09866226040252,27.867437947539624,1.8336333019417002,-24.971799942345505,14.716981132075471,216.17756019616016,72.8634046210949,52.95869864038818,1.3758533818186893,-41.14968038031221,53.39622641509434,54.23728813559322,439.7900085449219,50.14895198670983,-0.3483187848118131,438.2581373314344,-1.5318712134874772,0.0,0,0,2858
2026-05-15 09:47:05,INOD,INOD,🏢,Technology,Information Technology Services,https://www.google.com/s2/favicons?domain=innodata.com&sz=128,Stock,Resto,random_forest,2015-01-01,5,55,0.001,Watch,51.60075329566855,53.65853658536586,62.63345195729537,57.799671592775034,49.00452488687783,4.741964870246785,49.02454778807789,51.23979704448389,48.436602714988155,17.631235599223906,8.026804199218196,50.44848477981768,0.15910892535724647,-35.69330316990623,14.90566037735849,660.6666564941424,162.4115750705988,110.38445522752636,1.4713265082101752,-63.03251436805133,49.81132075471698,51.60075329566855,90.1500015258789,51.34864796089686,-2.2479996336441284,88.12342982184697,-2.0265717040319373,-13.175382898899468,0,0,2858
2026-05-15 09:47:33,QBTS,QBTS,🏢,Technology,Computer Hardware,https://www.google.com/s2/favicons?domain=dwavequantum.com&sz=128,Stock,Resto,random_forest,2015-01-01,5,55,0.001,Avoid,51.293103448275865,47.5,34.862385321100916,40.21164021164021,50.0,9.998100948152327,45.7007662835249,34.22955479407093,30.371565475032515,20.256326468981346,22.289866944609173,49.59346017681831,0.4494517395063356,-30.72198427456996,6.493506493506493,33.51548687247268,37.07037830256989,103.75915027260942,0.3572733412443511,-71.01384569881372,48.917748917748916,51.293103448275865,22.1299991607666,47.04650090011263,12.995186685192325,25.005833865139717,2.8758347043731156,-7.906789311640838,0,1,1361
2026-05-15 09:46:57,SOUN,SOUN,🏢,Technology,Software - Application,https://www.google.com/s2/favicons?domain=soundhound.com&sz=128,Stock,Resto,random_forest,2015-01-01,5,55,0.001,Avoid,52.760736196319016,46.03174603174603,86.56716417910447,60.10362694300518,50.370370370370374,9.222147850362026,50.44354469438388,62.85463518553722,52.89290636101589,-17.102206118708672,-25.305423516556345,49.833331134798655,-0.507801163203508,-36.87549863555999,18.51851851851852,-32.13530374057426,-45.2842006361978,76.51927067647394,-0.5918012578512534,-72.42990560495797,43.20987654320987,52.760736196319016,8.520000457763672,44.90135310575578,2.823431328930766,8.760556819913216,0.2405563621495439,-11.526476048662937,0,0,1015
2026-05-15 09:44:59,AMD,AMD,🏢,Technology,Semiconductors,https://www.google.com/s2/favicons?domain=amd.com&sz=128,Stock,Empresas Importantes,random_forest,2015-01-01,5,55,0.001,Avoid,44.632768361581924,50.0,46.93877551020408,48.421052631578945,48.41628959276017,3.130848982601369,54.614158852192475,51.982155383814955,51.163775782933264,-10.991478539413924,-5.385837214258771,12.608144903326554,-0.42717126552358725,-26.45764987200254,5.283018867924529,129.63962594476217,48.479860118685835,58.1109949650706,0.8342631226298249,-57.485324945589426,52.075471698113205,44.632768361581924,449.70001220703125,48.230997417621445,1.4685756074097067,456.30419689282223,6.604184685790983,-1.9812977982498037,0,0,2858
2026-05-15 09:48:19,AIQ,AIQ,📈,ETF,Exchange Traded Fund,,ETF,Resto,random_forest,2015-01-01,5,55,0.001,Avoid,55.24861878453039,61.111111111111114,74.32432432432432,67.07317073170732,49.966777408637874,6.741812586629393,60.411185445133796,56.442448523258314,53.028291689093365,37.35328804406861,24.801574438808306,15.231045257704931,1.6283566898510744,-8.323540733717827,15.789473684210526,54.80690308406562,35.67043309487665,26.329132340845113,1.3547895400844683,-26.350246427982917,55.124653739612185,55.24861878453039,62.43000030517578,48.156501038265546,0.5665773157905795,62.783714525152895,0.35371421997711394,-0.6682548594145965,0,0,2010
2026-05-15 09:45:52,WDC,WDC,🏢,Technology,Computer Hardware,https://www.google.com/s2/favicons?domain=westerndigital.com&sz=128,Stock,Resto,random_forest,2015-01-01,5,55,0.001,Avoid,34.83992467043315,53.939393939393945,24.79108635097493,33.969465648854964,46.65158371040724,10.900188580716684,49.41672774498169,40.80664753055612,42.7479154171886,-5.925383238767101,-2.862503917624881,16.522840050657052,-0.17324527192957062,-23.131143460011728,3.7735849056603774,804.4786451922373,184.93141322408476,55.36290659670249,3.340348702629345,-49.64553706056146,55.471698113207545,34.83992467043315,489.1499938964844,41.48651898568871,0.5483458861563031,491.8322277651496,2.6822338686652074,-5.172250995372463,0,0,2858
2026-05-15 09:48:06,SMH,SMH,📈,ETF,Exchange Traded Fund,,ETF,Empresas Importantes,random_forest,2015-01-01,5,55,0.001,Avoid,43.69114877589454,57.534246575342465,26.168224299065418,35.974304068522486,51.266968325791865,5.407665785300615,57.90244818082678,64.59824325068573,58.64953122606368,32.91590497435961,14.487307944445348,15.29681612056632,0.9470799563948081,-8.67549048195987,3.9622641509433962,141.89084936058748,52.194930383658814,36.795024645578614,1.418532284905826,-35.73876619263664,56.9811320754717,43.69114877589454,578.3400268554688,34.060435813865,0.4263272271824017,580.8056478556476,2.465621000178885,0.0,0,0,2858
2026-05-15 09:45:03,TSM,TSM,🏢,Technology,Semiconductors,https://www.google.com/s2/favicons?domain=tsmc.com&sz=128,Stock,Empresas Importantes,random_forest,2015-01-01,5,55,0.001,Avoid,47.26930320150659,63.565891472868216,26.031746031746035,36.93693693693694,46.10859728506787,4.3057811647064375,56.583623485913904,46.54371551228659,44.80123799488553,-13.37324751288339,-6.598186944680751,10.858728745214677,-0.6076389879053291,-14.347028552259566,1.509433962264151,206.21237461212553,70.25115083165296,40.89738676208016,1.7177418019478317,-36.81738063002581,53.58490566037736,47.26930320150659,417.7200012207031,45.84617419317054,0.3007967801342794,418.9764895343519,1.2564883136487879,-0.4243143693198781,0,0,2858
2026-05-15 09:48:24,VGT,VGT,📈,ETF,Exchange Traded Fund,,ETF,Resto,random_forest,2015-01-01,5,55,0.001,Avoid,50.847457627118644,60.0,48.231511254019296,53.475935828877006,55.61085972850679,2.9817940230527764,65.33998397775972,58.62845538955022,60.77912629769686,29.827746836236457,13.214759212714888,11.418357088378164,1.1573257965600972,-3.8348148267877358,6.7924528301886795,68.84569666750453,28.28180287025588,25.400858430233303,1.1134191762823866,-27.228780633663174,59.81132075471698,50.847457627118644,115.19000244140625,42.034955023361476,0.2712130245444181,115.50241273100039,0.3124102895941405,0.0,0,0,2858
2026-05-15 09:46:00,SNOW,SNOW,🏢,Technology,Software - Application,https://www.google.com/s2/favicons?domain=snowflake.com&sz=128,Stock,Resto,random_forest,2015-01-01,5,55,0.001,Avoid,51.229508196721305,48.148148148148145,57.01754385964912,52.208835341365464,50.44334975369458,3.7125997401806465,57.66967277808688,49.74510598722241,43.22928143522383,-17.73987804267164,-18.332696953584783,31.738071455335277,-0.5776247929677842,-43.001069688136084,14.814814814814813,-15.561659629854796,-16.088992340673524,53.906946544829204,-0.2984586101031314,-56.30006703868289,52.2633744855967,51.229508196721305,150.75999450683594,46.809214075223714,0.22120019034336663,151.0934759016467,0.3334813948107751,-17.54539623363941,0,0,1422
2026-05-15 09:48:02,XLK,XLK,📈,ETF,Exchange Traded Fund,,ETF,Empresas Importantes,random_forest,2015-01-01,5,55,0.001,Avoid,53.10734463276836,61.53846153846154,51.7799352750809,56.239015817223205,53.936651583710415,4.397528952419669,64.38866923977699,54.15011293777739,58.231702162563515,31.816252816410362,14.035966023441059,14.290386705363389,0.9821963752858527,-16.30871818871902,13.39622641509434,65.50906505896363,27.07015681909335,25.505989698325443,1.0613254823383935,-25.656301372975943,60.0,53.10734463276836,179.5,39.9761380422966,0.19440359840805838,179.84895445914245,0.3489544591424476,0.0,0,0,2858
2026-05-15 09:46:16,PANW,PANW,🏢,Technology,Software - Infrastructure,https://www.google.com/s2/favicons?domain=paloaltonetworks.com&sz=128,Stock,Resto,random_forest,2015-01-01,5,55,0.001,Avoid,47.83427495291902,53.072625698324025,32.98611111111111,40.68522483940043,48.371040723981906,3.2011775847645265,57.05085622052151,32.69267282483369,40.91512973942841,20.082719434526908,9.09145526222388,17.69179667835336,0.5138797052391886,-24.517279768889257,11.132075471698114,37.10279193950154,16.188096406191143,35.3628342177227,0.45777146442855526,-36.00596483682512,54.90566037735849,47.83427495291902,238.2100067138672,47.376410199387664,0.18997068030112801,238.66253588416689,0.4525291702996981,0.0,0,0,2858
2026-05-15 09:44:36,GOOG,GOOG,🏢,Communication Services,Internet Content & Information,https://www.google.com/s2/favicons?domain=abc.xyz&sz=128,Stock,Empresas Importantes,random_forest,2015-01-01,5,55,0.001,Avoid,49.717514124293785,59.83606557377049,46.34920634920635,52.23613595706619,48.552036199095014,6.168219174614449,56.46009892414234,45.578875778601315,49.68871210753953,13.855412289327361,6.363980090670607,16.61345380013689,0.3830618345366674,-15.453164363901795,13.20754716981132,162.71946250491771,58.291170663339884,30.12990202687334,1.934661805781813,-29.35005059354706,55.84905660377358,49.717514124293785,397.1700134277344,46.24797156350983,0.17221772637216304,397.85401059469166,0.6839971669572833,-0.46862346560344603,0,0,2858
2026-05-15 09:48:10,SOXX,SOXX,📈,ETF,Exchange Traded Fund,,ETF,Empresas Importantes,random_forest,2015-01-01,5,55,0.001,Avoid,45.19774011299435,62.727272727272734,21.630094043887148,32.16783216783217,51.900452488687776,7.284927347510626,58.178053545600704,62.31843633252976,56.58951059962452,30.903808896699836,13.659960497282174,15.976203321903585,0.8550191946139162,-9.287418796281665,3.3962264150943398,123.78248550112319,46.66699924203843,38.25944806694121,1.2197509791669452,-41.36103710514318,56.0377358490566,45.19774011299435,530.030029296875,32.92768898433926,0.17154754267921996,530.9392827875957,0.9092534907207437,-0.5124221823539221,0,0,2858
2026-05-15 09:47:15,LTRX,LTRX,🏢,Technology,Communication Equipment,https://www.google.com/s2/favicons?domain=lantronix.com&sz=128,Stock,Resto,random_forest,2015-01-01,5,55,0.001,Avoid,49.152542372881356,57.59493670886076,30.952380952380953,40.26548672566372,48.64253393665159,2.7847361142740223,48.83674648289585,47.45824829682436,46.46015632811221,13.666330279441151,6.279955761194889,23.149240738295866,0.2712812844356462,-27.285429747725864,6.981132075471698,72.48519900332566,29.58919635014268,70.2828865201111,0.42100143883071556,-56.15212236815474,48.490566037735846,49.152542372881356,6.449999809265137,46.5037793724093,0.06762225268896366,6.454361444434596,0.004361635169459532,-8.898306797030898,0,0,2858
2026-05-15 09:48:15,BOTZ,BOTZ,📈,ETF,Exchange Traded Fund,,ETF,Resto,random_forest,2015-01-01,5,55,0.001,Avoid,56.27802690582959,61.224489795918366,60.0,60.60606060606061,48.355795148247985,7.31397532144126,57.432025609842505,42.00128708497709,43.908339217161675,29.597715993843842,15.814514889721076,12.017866908301036,1.3159169601718257,-3.385498964503908,7.191011235955057,32.91389630008321,17.483517115007196,26.706963340555628,0.6546426447688927,-29.0182427528051,51.68539325842697,56.27802690582959,41.119998931884766,48.26436005105152,0.025846764115725996,41.13062712101308,0.01062818912831176,-1.2250831687368957,0,0,2431
2026-05-15 09:44:31,GOOGL,GOOGL,🏢,Communication Services,Internet Content & Information,https://www.google.com/s2/favicons?domain=abc.xyz&sz=128,Stock,Resto,random_forest,2015-01-01,5,55,0.001,Avoid,45.5743879472693,55.319148936170215,41.40127388535032,47.35883424408014,51.08597285067873,6.979555504546946,59.93176849234151,45.578158509618156,50.806778465456716,31.856722950809058,14.052611538450277,15.404167288091283,0.9122603822482587,-14.24921789300575,10.377358490566039,166.32997619715374,59.3217960885162,30.550261949796674,1.9417770029599046,-29.805878729523982,55.283018867924525,45.5743879472693,401.07000732421875,46.947241846751794,-0.035377486852833435,400.92811883510694,-0.14188848911180685,-0.3849753643053955,0,0,2858
2026-05-15 09:45:48,STX,STX,🏢,Technology,Computer Hardware,https://www.google.com/s2/favicons?domain=seagate.com&sz=128,Stock,Resto,random_forest,2015-01-01,5,55,0.001,Avoid,45.76271186440678,57.6271186440678,51.051051051051054,54.14012738853503,47.10407239819004,5.581865679417017,57.84655489895505,36.24742608072946,42.532743678147355,114.51840925347305,43.74806949678487,22.936008727773853,1.9073967932271105,-16.460603253730554,6.7924528301886795,743.6154459180418,175.6484209164629,51.80580472888246,3.390516214074684,-40.00064246049274,54.90566037735849,45.76271186440678,804.760009765625,47.95786978850256,-0.11231205315853392,803.8561672756584,-0.9038424899665642,-3.507152151353665,0,0,2858
2026-05-15 09:46:50,TDC,TDC,🏢,Technology,Software - Infrastructure,https://www.google.com/s2/favicons?domain=teradata.com&sz=128,Stock,Resto,random_forest,2015-01-01,5,55,0.001,Avoid,51.41242937853108,53.77777777777778,44.0,48.4,51.447963800904986,3.1738783559728834,54.122359053323144,46.10560301685579,48.8927791700759,-5.21500184261442,-2.514428743703012,34.54767685027007,-0.07278141319315241,-38.97436006711538,13.39622641509434,-23.456471553749548,-11.935318860946808,50.98072797080242,-0.2341143278256517,-51.23189920284739,50.75471698113208,51.41242937853108,33.459999084472656,37.92636284470158,-0.14886003960417307,33.41019051658395,-0.04980856788870369,-0.29798058619254775,0,0,2858
2026-05-15 09:45:56,PLTR,PLTR,🏢,Technology,Software - Infrastructure,https://www.google.com/s2/favicons?domain=palantir.com&sz=128,Stock,Resto,random_forest,2015-01-01,5,55,0.001,Avoid,52.066115702479344,54.0,63.28125,58.27338129496403,50.049751243781095,5.177476911740376,52.996839051032595,48.222902178036406,46.708795126980256,39.120311145749476,41.23272438438414,22.356267674270647,1.8443474100928756,-16.558809708366717,15.352697095435685,13.658982393929398,14.325127535985338,50.780019713520964,0.2821016536976856,-38.18901337688689,55.18672199170125,52.066115702479344,133.72999572753906,43.716205092272965,-0.1849832827729464,133.48261759139015,-0.24737813614891024,-16.85526064884957,0,0,1412
2026-05-15 09:45:34,MU,MU,🏢,Technology,Semiconductors,https://www.google.com/s2/favicons?domain=micron.com&sz=128,Stock,Resto,random_forest,2015-01-01,5,55,0.001,Avoid,49.34086629001883,59.2741935483871,46.666666666666664,52.2202486678508,50.2262443438914,1.2798312781656982,54.05236844458191,59.73673027838367,55.33234687197849,22.219604147273174,10.010216342057788,33.401838594209856,0.29969057882319805,-31.65614436182499,11.88679245283019,448.64831850841904,124.65360835110548,61.458620305571735,2.0282526313042633,-57.62897225740882,53.39622641509434,49.34086629001883,776.010009765625,47.354483980027304,-0.21557477477421386,774.3371279348473,-1.6728818307776692,-3.436904414888675,0,0,2858
2026-05-15 09:46:11,CRWD,CRWD,🏢,Technology,Software - Infrastructure,https://www.google.com/s2/favicons?domain=crowdstrike.com&sz=128,Stock,Resto,random_forest,2015-01-01,5,55,0.001,Avoid,41.55844155844156,43.82716049382716,44.375,44.099378881987576,46.171875,5.926696585946931,59.1013989806553,50.68938976253092,44.85382911100928,-5.406163687626808,-4.459593225565339,21.977713300759742,-0.20291434165769998,-21.6826405555418,12.703583061889251,11.949354087142506,9.7082335133998,48.1506555726958,0.201622042274019,-37.17827173511792,52.44299674267101,41.55844155844156,579.9500122070312,40.698541895393525,-0.2889492192394682,578.2742511747798,-1.6757610322514438,0.0,0,0,1741
2026-05-15 09:44:27,MSFT,MSFT,🏢,Technology,Software - Infrastructure,https://www.google.com/s2/favicons?domain=microsoft.com&sz=128,Stock,Empresas Importantes,random_forest,2015-01-01,5,55,0.001,Avoid,56.30885122410546,57.107843137254896,80.3448275862069,66.7621776504298,52.0814479638009,3.542729254491108,61.606642364832986,56.283366304161696,57.43332812171009,-15.699894914796497,-7.799480439008111,18.991586227178633,-0.4106808323280742,-27.225237898267352,26.60377358490566,1.322965233452944,0.6268645466332989,24.479279737016206,0.025607965322827258,-33.91009686588168,53.0188679245283,56.30885122410546,409.42999267578125,45.97665089401659,-0.8778046950001258,405.83599697733456,-3.5939956984466903,-5.425949372487082,0,0,2858
2026-05-15 09:45:16,DELL,DELL,🏢,Technology,Computer Hardware,https://www.google.com/s2/favicons?domain=dell.com&sz=128,Stock,Resto,random_forest,2015-01-01,5,55,0.001,Avoid,45.87973273942094,52.77777777777778,37.54940711462451,43.87990762124711,51.65775401069518,6.594040431535984,58.72210738925894,53.36786020564863,53.513249906099844,39.99091747349153,20.831779424619047,18.813166797039095,1.1072978648069844,-12.963524046429796,7.5892857142857135,104.14422527300466,49.396223167657574,53.47688461683268,0.9236929847650353,-50.13045448501745,51.78571428571429,45.87973273942094,247.88999938964844,37.92312677698932,-0.9016276389305128,245.6549546410067,-2.235044748641741,-4.8260740527581785,0,0,2449
2026-05-15 09:46:33,ADBE,ADBE,🏢,Technology,Software - Application,https://www.google.com/s2/favicons?domain=adobe.com&sz=128,Stock,Resto,random_forest,2015-01-01,5,55,0.001,Avoid,49.152542372881356,39.743589743589745,26.05042016806723,31.472081218274113,50.40723981900452,2.000696015333408,55.73016940550237,47.20297287641161,49.51935989362681,-4.597558096025001,-2.2130013923017944,5.053110653483421,-0.43794833401802424,-7.902956082965595,2.0754716981132075,-49.4661137349721,-27.71270689049986,33.67316399953004,-0.8229908805387766,-61.58042608585712,49.62264150943396,49.152542372881356,237.00999450683594,46.62516381789424,-1.2018831869337108,234.16141123150578,-2.8485832753301565,-16.43396143177177,0,0,2858
2026-05-15 09:45:43,LITE,LITE,🏢,Technology,Communication Equipment,https://www.google.com/s2/favicons?domain=lumentum.com&sz=128,Stock,Resto,random_forest,2015-01-01,5,55,0.001,Avoid,46.3220675944334,62.643678160919535,34.71337579617834,44.67213114754098,51.55131264916467,4.22575923857417,57.03924446276678,55.412521922696655,54.01487130328988,47.670290196644835,21.614063960948428,36.29731202736943,0.5954728533245291,-36.65604154300457,11.553784860557768,1923.532089637699,352.53988369605923,75.5370614030811,4.667111443677096,-50.627612343749576,56.573705179282875,46.3220675944334,1001.8099975585938,43.656932843837076,-1.2874246375790865,988.912448828294,-12.897548730299718,-4.8694764859689705,0,0,2719
2026-05-15 09:46:20,MDB,MDB,🏢,Technology,Software - Infrastructure,https://www.google.com/s2/favicons?domain=mongodb.com&sz=128,Stock,Resto,random_forest,2015-01-01,5,55,0.001,Avoid,46.666666666666664,49.166666666666664,57.84313725490197,53.153153153153156,52.53086419753087,1.5493704195075497,55.169207567144596,69.566288677708,60.7387962434499,-22.995401411830418,-15.572524947536959,33.60497782541877,-0.4633993519780846,-45.37973968233747,15.167095115681233,5.398900100018711,3.4650214968298565,69.0347095925649,0.05019245416226163,-58.34404247864127,50.899742930591266,46.666666666666664,303.0899963378906,33.0943260311034,-1.375220753659636,298.9218398059857,-4.168156531904913,-17.728012660321866,0,0,2153
2026-05-15 09:48:33,IGV,IGV,📈,ETF,Exchange Traded Fund,,ETF,Resto,random_forest,2015-01-01,5,55,0.001,Avoid,54.048964218455744,53.43915343915344,74.81481481481481,62.34567901234568,55.067873303167424,4.758128869638057,60.13939935175079,62.35479234709986,60.86551076477218,3.721049539572441,1.752306654520619,16.594238098782274,0.10559729492185649,-20.7601262422206,16.60377358490566,5.824111926463371,2.7281097619240136,26.753292342227102,0.10197286102308967,-36.60752390816724,53.39622641509434,54.048964218455744,90.63999938964844,36.838984260925486,-2.0448688366876953,88.7865302885556,-1.8534691010928412,-0.5595196134864255,0,0,2858
2026-05-15 09:46:54,AI,AI,🏢,Technology,Software - Infrastructure,https://www.google.com/s2/favicons?domain=c3.ai&sz=128,Stock,Resto,random_forest,2015-01-01,5,55,0.001,Avoid,53.01724137931034,39.130434782608695,40.44943820224719,39.77900552486188,52.95336787564766,4.2474407320039775,48.97963715049909,37.23672975966331,40.69806785516031,24.814718832293114,27.355363382240007,27.721682105843904,0.9867858406930266,-16.651898077710758,7.35930735930736,-62.19415996046208,-65.39370103010886,64.9700135000485,-1.0065212781595012,-73.38820209366183,46.320346320346324,53.01724137931034,9.029999732971191,45.81714757584061,-2.5065548806826063,8.803657833938775,-0.2263418990324162,-16.23376663588899,0,0,1363
2026-05-15 09:47:53,GEV,GEV,🏢,Industrials,Specialty Industrial Machinery,https://www.google.com/s2/favicons?domain=gevernova.com&sz=128,Stock,Resto,random_forest,2015-01-01,5,55,0.001,Avoid,68.65671641791045,75.51020408163265,80.43478260869566,77.89473684210526,56.91056910569107,11.844554702710136,71.18233618233619,57.56410256410257,59.36528023484545,17.546980550127422,85.38738904624365,38.16938923129596,2.2370645893446097,-11.512523311327548,34.84848484848485,38.58329666841478,247.59853471593743,50.941832461240885,4.860416729302442,-11.512523311327538,53.03030303030303,68.65671641791045,1090.530029296875,32.263494946195195,-2.882804142313383,1059.0921844391335,-31.43784485774154,-5.132532295488456,0,0,535
2026-05-15 09:45:39,MRVL,MRVL,🏢,Technology,Semiconductors,https://www.google.com/s2/favicons?domain=marvell.com&sz=128,Stock,Resto,random_forest,2015-01-01,5,55,0.001,Avoid,48.58757062146893,56.19469026548673,42.19269102990033,48.19734345351044,50.18099547511312,1.5294519258964336,54.48726013861578,52.93452376628564,52.21348849947907,17.553420946482913,7.9928205283086085,29.208426456164922,0.2736477618985733,-32.06431970722583,7.169811320754717,136.02194741685884,50.42786992987427,63.821251247521126,0.7901422949903842,-60.78851317160523,52.64150943396226,48.58757062146893,182.5800018310547,22.29240244760626,-3.126414907548364,176.87179343560652,-5.7082083954481675,0.0,0,0,2858
2026-05-15 09:46:03,DDOG,DDOG,🏢,Technology,Software - Application,https://www.google.com/s2/favicons?domain=datadoghq.com&sz=128,Stock,Resto,random_forest,2015-01-01,5,55,0.001,Avoid,47.27891156462585,54.794520547945204,47.337278106508876,50.79365079365079,46.72131147540984,4.42357236576289,48.63235598311198,56.17314647100764,51.08910453203179,42.968146764213785,35.99294661144901,34.72266182757192,1.0365837386023329,-23.46909589556494,12.969283276450511,72.15178368679105,59.55117845316194,61.94851012186338,0.9613012215469674,-48.62057017996233,47.781569965870304,47.27891156462585,202.83999633789062,48.576708081,-3.7408564046621002,195.25204334366828,-7.5879529942223485,-1.2030593980199122,0,0,1672
2026-05-15 09:46:29,CRM,CRM,🏢,Technology,Software - Application,https://www.google.com/s2/favicons?domain=salesforce.com&sz=128,Stock,Resto,random_forest,2015-01-01,5,55,0.001,Avoid,61.5819209039548,59.93589743589743,70.30075187969925,64.70588235294117,53.07692307692309,5.148239633832949,60.8112775084551,51.15920717689612,52.47680342546507,23.009126799725887,10.34754048031048,13.346996047940973,0.7752711129263264,-19.060150885923775,11.132075471698114,-38.256835443754724,-20.488317853294603,36.51933512801469,-0.5610265844510849,-54.70081885161318,51.132075471698116,61.5819209039548,167.5800018310547,39.77840441192031,-3.939021963385951,160.97898875268686,-6.601013078367828,-16.87738605678877,0,0,2858
2026-05-15 09:47:18,AIP,AIP,🏢,Technology,Semiconductors,https://www.google.com/s2/favicons?domain=arteris.com&sz=128,Stock,Resto,random_forest,2015-01-01,5,55,0.001,Avoid,46.808510638297875,83.33333333333334,17.24137931034483,28.57142857142857,52.43589743589745,6.880209161537813,69.04389846297158,37.91694356073996,42.32854516355171,2.4354019243348013,3.295750435069822,4.072163658822938,0.8093364391013845,-1.7260146842582147,1.06951871657754,219.8924665575651,379.22577314896415,78.50416939841375,4.830644997011162,-30.29994923756959,55.61497326203209,46.808510638297875,37.34000015258789,28.85374893541538,-5.288996579070425,35.36508882189263,-1.9749113306952637,0.0,0,0,1141
2026-05-15 09:47:10,RPGL,RPGL,🏢,Technology,Software - Application,https://www.google.com/s2/favicons?domain=republicpower.net&sz=128,Stock,Resto,random_forest,2015-01-01,5,55,0.001,Avoid,85.71428571428571,87.5,87.5,87.5,63.04347826086957,21.5206411665471,0.0,0.0,0.0,0.0,0.0,0.0,,0.0,0.0,411.11111405455046,5423717543575562.0,509.9269096804936,10636264610890.838,-31.443298779026552,53.84615384615385,85.71428571428571,0.3400000035762787,49.7321005316441,-13.162963551864562,0.29524592702919494,-0.04475407654708374,-85.21739084238365,0,0,147
2026-05-15 09:48:47,^NDX,Nasdaq 100,📈,Índice,Market Index,,Index,Resto,random_forest,2015-01-01,5,55,0.001,No Entry,55.74387947269304,61.95965417867435,67.61006289308176,64.66165413533834,52.895927601809966,4.983542046066377,63.365225519641456,55.53390677631482,56.77782147010338,0.48790581015150103,0.23168928883283701,13.289516077034975,0.01743398988268723,-13.047301491126738,18.49056603773585,56.85394661144456,23.866125678054907,21.15234666765559,1.1282968293323692,-22.931507189551603,58.490566037735846,55.74387947269304,29580.30078125,49.97138699192367,0.3478590264931912,29683.198527581415,102.89774633141496,0.0,0,0,2858
2026-05-15 09:48:51,^DJI,Dow Jones Industrial Average,🏛️,Índice,Market Index,,Index,Resto,random_forest,2015-01-01,5,55,0.001,No Entry,46.32768361581921,54.166666666666664,42.62295081967213,47.706422018348626,48.144796380090504,3.4881272621645767,57.322022822598726,44.117728182748316,49.51818666349535,9.595962528179069,4.453064180628208,8.215860808216409,0.5420082307352196,-9.206861414499645,5.283018867924529,26.25771209938921,11.723690466551574,14.818347441583905,0.791160452457204,-16.369224740128864,53.0188679245283,46.32768361581921,50063.4609375,45.873218946414504,0.1134894725306528,50120.27769524856,56.8167577485583,0.0,0,0,2858
2026-05-15 09:48:54,^RUT,Russell 2000,🏢,Índice,Market Index,,Index,Resto,random_forest,2015-01-01,5,55,0.001,No Entry,53.483992467043315,60.18099547511312,45.54794520547945,51.85185185185185,50.723981900452486,2.7073801450953128,54.29302612858125,59.32770160912169,55.74935719294947,15.616022412851116,7.1428728192436175,6.19365976025172,1.1532556026218206,-3.4733242358482297,5.471698113207547,37.16959091914185,16.215008925445275,21.84942657012429,0.7421251479257029,-27.899741616017128,53.20754716981132,53.483992467043315,2863.090087890625,44.655011087088,-0.05907082262538193,2861.3988370232023,-1.6912508674226956,-0.8202915881906692,0,0,2858
2026-05-15 09:48:40,^GSPC,S&P 500,🇺🇸,Índice,Market Index,,Index,Resto,random_forest,2015-01-01,5,55,0.001,No Entry,47.83427495291902,58.778625954198475,47.6780185758514,52.649572649572654,47.87330316742081,3.4925268358226633,59.52400631139828,44.662072941432726,50.077644863230155,3.5868181607105587,1.6896736047146366,4.27631175086096,0.39512404687858654,-5.151292672022922,4.339622641509433,41.00119058655907,17.747368093116698,16.137058661665925,1.09978952578738,-18.902206184283997,56.9811320754717,47.83427495291902,7501.240234375,49.34732543932027,-0.14356289122228752,7490.471237017001,-10.76899735799907,0.0,0,0,2858
2026-05-15 09:49:18,^HSI,Hang Seng Index,🇭🇰,Índice,Market Index,,Index,Resto,random_forest,2015-01-01,5,55,0.001,No Entry,51.252408477842,69.23076923076923,24.573378839590443,36.272040302267,49.79118329466357,4.3979606416451364,56.019410561022696,32.71448011900195,37.50225531447144,20.04146945256602,9.293317027484616,5.389029003982792,1.7244882186784183,-2.1752203369046152,4.247104247104247,60.217838535614845,25.77347816395692,24.116572924644455,1.0687040088361515,-19.95402601187244,52.509652509652504,51.252408477842,25962.73046875,45.3049865242727,-0.27522682626393735,25891.274069669398,-71.45639908060184,-4.781164017874284,0,0,2795
